{
    "timestamp": "2026-02-07 12:48:43",
    "best_hyperparameters": {
        "n_hidden": 2,
        "n_hidden2": 8,
        "penalty": 0.04229723094397041
    },
    "best_validation_loss_denormalized": 0.1386439949274063,
    "timing": {
        "optuna_duration_seconds": 2451.459130048752,
        "final_train_duration_seconds": 26.46915054321289,
        "optuna_duration_formatted": "40.86 minutes",
        "test_duration_seconds": 0.013681173324584961,
        "test_duration_formatted": "0.0137 seconds"
    },
    "test_metrics": {
        "total_loss_denormalized": 0.06023769825696945,
        "quantile_losses_denormalized": {
            "tau=0.05": 0.07220696657896042,
            "tau=0.10": 0.043504294008016586,
            "tau=0.15": 0.04441624879837036,
            "tau=0.20": 0.04312514141201973,
            "tau=0.25": 0.07623905688524246,
            "tau=0.30": 0.05539853498339653,
            "tau=0.35": 0.048513397574424744,
            "tau=0.40": 0.047965873032808304,
            "tau=0.45": 0.04573676735162735,
            "tau=0.50": 0.05200773850083351,
            "tau=0.55": 0.04173098877072334,
            "tau=0.60": 0.07918265461921692,
            "tau=0.65": 0.07195799797773361,
            "tau=0.70": 0.06038782000541687,
            "tau=0.75": 0.04421607404947281,
            "tau=0.80": 0.043349768966436386,
            "tau=0.85": 0.05843200907111168,
            "tau=0.90": 0.16243897378444672,
            "tau=0.95": 0.053706035017967224
        }
    },
    "optimization_info": {
        "n_trials": 100,
        "study_name": "mcqrnn_hyperparameter_optimization"
    }
}