{
    "timestamp": "2026-02-02 20:05:25",
    "best_hyperparameters": {
        "n_hidden": 10,
        "n_hidden2": 6,
        "penalty": 0.031127459388033185
    },
    "best_validation_loss_denormalized": 23.517152786254883,
    "timing": {
        "optuna_duration_seconds": 4584.20805644989,
        "final_train_duration_seconds": 45.67223858833313,
        "optuna_duration_formatted": "76.40 minutes",
        "test_duration_seconds": 0.017453432083129883,
        "test_duration_formatted": "0.0175 seconds"
    },
    "test_metrics": {
        "total_loss_denormalized": 28.71422576904297,
        "quantile_losses_denormalized": {
            "tau=0.05": 37.99314498901367,
            "tau=0.10": 53.43069839477539,
            "tau=0.15": 29.0133113861084,
            "tau=0.20": 34.905887603759766,
            "tau=0.25": 36.27005386352539,
            "tau=0.30": 30.927112579345703,
            "tau=0.35": 41.391014099121094,
            "tau=0.40": 12.937729835510254,
            "tau=0.45": 21.054855346679688,
            "tau=0.50": 22.61797523498535,
            "tau=0.55": 15.949722290039062,
            "tau=0.60": 18.07833480834961,
            "tau=0.65": 8.836955070495605,
            "tau=0.70": 23.48969268798828,
            "tau=0.75": 50.75727462768555,
            "tau=0.80": 34.64665985107422,
            "tau=0.85": 36.19515609741211,
            "tau=0.90": 13.914779663085938,
            "tau=0.95": 23.15998077392578
        }
    },
    "optimization_info": {
        "n_trials": 100,
        "study_name": "mcqrnn_hyperparameter_optimization"
    }
}