{
    "timestamp": "2026-02-07 11:13:44",
    "best_hyperparameters": {
        "n_hidden": 9,
        "n_hidden2": 3,
        "penalty": 0.09104695725485469
    },
    "best_validation_loss_denormalized": 0.03174510598182678,
    "timing": {
        "optuna_duration_seconds": 2459.8877232074738,
        "final_train_duration_seconds": 26.29299020767212,
        "optuna_duration_formatted": "41.00 minutes",
        "test_duration_seconds": 0.013646125793457031,
        "test_duration_formatted": "0.0136 seconds"
    },
    "test_metrics": {
        "total_loss_denormalized": 0.04149791970849037,
        "quantile_losses_denormalized": {
            "tau=0.05": 0.08456309139728546,
            "tau=0.10": 0.13363906741142273,
            "tau=0.15": 0.05376032367348671,
            "tau=0.20": 0.03926791250705719,
            "tau=0.25": 0.026915207505226135,
            "tau=0.30": 0.04535683989524841,
            "tau=0.35": 0.03686296194791794,
            "tau=0.40": 0.017875660210847855,
            "tau=0.45": 0.027031870558857918,
            "tau=0.50": 0.03854600340127945,
            "tau=0.55": 0.016424546018242836,
            "tau=0.60": 0.0183549951761961,
            "tau=0.65": 0.015007137320935726,
            "tau=0.70": 0.012846829369664192,
            "tau=0.75": 0.014252375811338425,
            "tau=0.80": 0.015637405216693878,
            "tau=0.85": 0.14202266931533813,
            "tau=0.90": 0.032291337847709656,
            "tau=0.95": 0.017804261296987534
        }
    },
    "optimization_info": {
        "n_trials": 100,
        "study_name": "mcqrnn_hyperparameter_optimization"
    }
}