{
    "timestamp": "2026-02-05 13:06:22",
    "best_hyperparameters": {
        "n_hidden": 9,
        "n_hidden2": 9,
        "dropout": 0.11050830919806261
    },
    "best_validation_loss_denormalized": 13.144714335196882,
    "timing": {
        "optuna_duration_seconds": 4334.369891643524,
        "final_train_duration_seconds": 13.729421615600586,
        "optuna_duration_formatted": "72.24 minutes",
        "test_duration_seconds": 0.16206717491149902,
        "test_duration_formatted": "0.1621 seconds"
    },
    "test_metrics": {
        "total_loss_denormalized": 15.636908388806466,
        "quantile_losses_denormalized": {
            "tau=0.05": 11.031117894825911,
            "tau=0.10": 15.554206703310058,
            "tau=0.15": 18.288305049755827,
            "tau=0.20": 19.813944010883272,
            "tau=0.25": 20.535569682477274,
            "tau=0.30": 19.875903262740874,
            "tau=0.35": 18.815263413691287,
            "tau=0.40": 16.020439601983263,
            "tau=0.45": 13.716459160695367,
            "tau=0.50": 10.407316960467226,
            "tau=0.55": 10.259498091935898,
            "tau=0.60": 12.860593392196218,
            "tau=0.65": 14.837367561045024,
            "tau=0.70": 16.86810215329715,
            "tau=0.75": 17.973228941614252,
            "tau=0.80": 18.388141517504966,
            "tau=0.85": 17.21876858077645,
            "tau=0.90": 14.410161697157696,
            "tau=0.95": 10.226871710964751
        }
    },
    "optimization_info": {
        "n_trials": 100,
        "study_name": "gru_qrnn_hyperparam_opt"
    }
}