{
    "timestamp": "2026-02-08 15:00:21",
    "best_hyperparameters": {
        "n_hidden": 9,
        "n_hidden2": 10,
        "dropout": 0.11134655507304306
    },
    "best_validation_loss_denormalized": 0.06221603614278243,
    "timing": {
        "optuna_duration_seconds": 4156.6844601631165,
        "final_train_duration_seconds": 23.135761737823486,
        "optuna_duration_formatted": "69.28 minutes",
        "test_duration_seconds": 0.12082695960998535,
        "test_duration_formatted": "0.1208 seconds"
    },
    "test_metrics": {
        "total_loss_denormalized": 0.07387465420698808,
        "quantile_losses_denormalized": {
            "tau=0.05": 0.043766089481468505,
            "tau=0.10": 0.06636482711349442,
            "tau=0.15": 0.07412828087036163,
            "tau=0.20": 0.07915467757237345,
            "tau=0.25": 0.07700931675569765,
            "tau=0.30": 0.07455479750257347,
            "tau=0.35": 0.07229430555019127,
            "tau=0.40": 0.06641411150681807,
            "tau=0.45": 0.0639623507317986,
            "tau=0.50": 0.06682422402555849,
            "tau=0.55": 0.07361949518544723,
            "tau=0.60": 0.07950264876248604,
            "tau=0.65": 0.08844833935372252,
            "tau=0.70": 0.0950317027130439,
            "tau=0.75": 0.09571238797828475,
            "tau=0.80": 0.09138157059883127,
            "tau=0.85": 0.08154348638433452,
            "tau=0.90": 0.06723356990930508,
            "tau=0.95": 0.046672247936982235
        }
    },
    "optimization_info": {
        "n_trials": 100,
        "study_name": "lstm_qrnn_hyperparam_opt"
    }
}