{
    "best_hyperparameters": {
        "n_hidden": 3,
        "n_hidden2": 10,
        "penalty": 0.00012304667406787468
    },
    "best_validation_loss": 0.1504550194167921,
    "timing": {
        "train_duration_seconds": 24.4472815990448,
        "test_duration_seconds": 0.05163168907165527,
        "train_duration_formatted": "24.447 seconds",
        "test_duration_formatted": "0.0516 seconds"
    },
    "test_metrics": {
        "total_loss": 0.05449826949955353,
        "quantile_losses": {
            "quantile_0.05": 0.04310340598482668,
            "quantile_0.10": 0.044058179919791746,
            "quantile_0.15": 0.047144451040511376,
            "quantile_0.20": 0.05469299153480435,
            "quantile_0.25": 0.05483200368709753,
            "quantile_0.30": 0.05677509479645884,
            "quantile_0.35": 0.05951403562610213,
            "quantile_0.40": 0.061322705067618215,
            "quantile_0.45": 0.0626494074691431,
            "quantile_0.50": 0.06352761285838333,
            "quantile_0.55": 0.0635416244770573,
            "quantile_0.60": 0.06315791289575766,
            "quantile_0.65": 0.06219750329431619,
            "quantile_0.70": 0.061139581461247074,
            "quantile_0.75": 0.05757166829332271,
            "quantile_0.80": 0.05630804566316595,
            "quantile_0.85": 0.04940245175948535,
            "quantile_0.90": 0.04033496048929215,
            "quantile_0.95": 0.03419348417313556
        }
    },
    "optimization_info": {
        "n_trials": 100,
        "study_name": "qrnn_hyperparam_opt"
    }
}