{
    "best_hyperparameters": {
        "n_hidden": 9,
        "n_hidden2": 5,
        "penalty": 0.00015894223580045053
    },
    "best_validation_loss": 5.706832779827262,
    "timing": {
        "train_duration_seconds": 14.920939445495605,
        "test_duration_seconds": 0.08001065254211426,
        "train_duration_formatted": "14.921 seconds",
        "test_duration_formatted": "0.0800 seconds"
    },
    "test_metrics": {
        "total_loss": 13.885434189554788,
        "quantile_losses": {
            "quantile_0.05": 13.328895115352692,
            "quantile_0.10": 15.3210221497564,
            "quantile_0.15": 16.672461641554634,
            "quantile_0.20": 17.152559562966648,
            "quantile_0.25": 17.33768597115216,
            "quantile_0.30": 17.397282854315996,
            "quantile_0.35": 17.282869971556142,
            "quantile_0.40": 16.90576870001256,
            "quantile_0.45": 16.636164472222855,
            "quantile_0.50": 16.171999101802072,
            "quantile_0.55": 16.066678222421103,
            "quantile_0.60": 15.217773213032444,
            "quantile_0.65": 14.225795295645925,
            "quantile_0.70": 12.972413026127604,
            "quantile_0.75": 11.548174785229632,
            "quantile_0.80": 10.147365160298188,
            "quantile_0.85": 8.61103561690435,
            "quantile_0.90": 6.558618803184649,
            "quantile_0.95": 4.268685938004919
        }
    },
    "optimization_info": {
        "n_trials": 100,
        "study_name": "qrnn_hyperparam_opt"
    }
}