{
    "timestamp": "2026-02-09 19:09:50",
    "best_hyperparameters": {
        "n_hidden": 1,
        "n_hidden2": 8,
        "dropout": 0.12910812854737172
    },
    "best_validation_loss_denormalized": 0.035792608292300326,
    "timing": {
        "optuna_duration_seconds": 2267.433043718338,
        "final_train_duration_seconds": 7.91278600692749,
        "optuna_duration_formatted": "37.79 minutes",
        "test_duration_seconds": 0.08750772476196289,
        "test_duration_formatted": "0.0875 seconds"
    },
    "test_metrics": {
        "total_loss_denormalized": 0.05712055952252394,
        "quantile_losses_denormalized": {
            "tau=0.05": 0.06870456586909697,
            "tau=0.10": 0.07900737387325019,
            "tau=0.15": 0.0822597031058396,
            "tau=0.20": 0.08199013300486935,
            "tau=0.25": 0.07739497387255267,
            "tau=0.30": 0.06766707063254697,
            "tau=0.35": 0.03702115619458489,
            "tau=0.40": 0.034866664642933864,
            "tau=0.45": 0.03188086055013098,
            "tau=0.50": 0.035061226273429266,
            "tau=0.55": 0.07150084001935984,
            "tau=0.60": 0.04493787706056911,
            "tau=0.65": 0.03751883426784076,
            "tau=0.70": 0.06820682885234464,
            "tau=0.75": 0.047326429737924024,
            "tau=0.80": 0.04685296780513985,
            "tau=0.85": 0.06178372158315768,
            "tau=0.90": 0.06186274739951666,
            "tau=0.95": 0.04944665618286763
        }
    },
    "optimization_info": {
        "n_trials": 100,
        "study_name": "gru_qrnn_hyperparam_opt"
    }
}