{
    "timestamp": "2026-02-08 19:17:59",
    "best_hyperparameters": {
        "n_hidden": 8,
        "n_hidden2": 10,
        "dropout": 0.11361891413854514
    },
    "best_validation_loss_denormalized": 0.006099917932647453,
    "timing": {
        "optuna_duration_seconds": 4096.01297545433,
        "final_train_duration_seconds": 21.921393632888794,
        "optuna_duration_formatted": "68.27 minutes",
        "test_duration_seconds": 0.1025998592376709,
        "test_duration_formatted": "0.1026 seconds"
    },
    "test_metrics": {
        "total_loss_denormalized": 0.0034176455877207128,
        "quantile_losses_denormalized": {
            "tau=0.05": 0.0021325411920156798,
            "tau=0.10": 0.002953780774399556,
            "tau=0.15": 0.003429938213593223,
            "tau=0.20": 0.0036779543801083348,
            "tau=0.25": 0.0038486311794613324,
            "tau=0.30": 0.0037734083179959397,
            "tau=0.35": 0.003635026026909901,
            "tau=0.40": 0.0034057604640325436,
            "tau=0.45": 0.0033731236597359248,
            "tau=0.50": 0.0033842583474106708,
            "tau=0.55": 0.00343977360762909,
            "tau=0.60": 0.0035719173929556697,
            "tau=0.65": 0.0037782908528915787,
            "tau=0.70": 0.003915088778111068,
            "tau=0.75": 0.003973263046705357,
            "tau=0.80": 0.003910093712148001,
            "tau=0.85": 0.0034726966206974417,
            "tau=0.90": 0.00308751278887757,
            "tau=0.95": 0.0021722068110146607
        }
    },
    "optimization_info": {
        "n_trials": 100,
        "study_name": "lstm_qrnn_hyperparam_opt"
    }
}