{
    "timestamp": "2026-02-05 14:52:18",
    "best_hyperparameters": {
        "n_hidden": 10,
        "n_hidden2": 10,
        "dropout": 0.10127962906864281
    },
    "best_validation_loss_denormalized": 9.978548049188404,
    "timing": {
        "optuna_duration_seconds": 5889.3750512599945,
        "final_train_duration_seconds": 28.575196266174316,
        "optuna_duration_formatted": "98.16 minutes",
        "test_duration_seconds": 0.16083478927612305,
        "test_duration_formatted": "0.1608 seconds"
    },
    "test_metrics": {
        "total_loss_denormalized": 11.669211325865087,
        "quantile_losses_denormalized": {
            "tau=0.05": 6.29337123282568,
            "tau=0.10": 9.52889870381338,
            "tau=0.15": 11.516508586912941,
            "tau=0.20": 12.285302416572074,
            "tau=0.25": 12.543471788271312,
            "tau=0.30": 12.406152092489744,
            "tau=0.35": 12.105733611179977,
            "tau=0.40": 11.92915129163799,
            "tau=0.45": 11.92091685474453,
            "tau=0.50": 12.480071960608345,
            "tau=0.55": 13.362576187294785,
            "tau=0.60": 14.081540136124866,
            "tau=0.65": 14.331204950069418,
            "tau=0.70": 14.362699869016774,
            "tau=0.75": 13.613466627203042,
            "tau=0.80": 12.653904861196889,
            "tau=0.85": 11.163569354886416,
            "tau=0.90": 8.984582281765121,
            "tau=0.95": 6.151892384823401
        }
    },
    "optimization_info": {
        "n_trials": 100,
        "study_name": "gru_qrnn_hyperparam_opt"
    }
}