{
    "timestamp": "2026-02-09 16:55:23",
    "best_hyperparameters": {
        "n_hidden": 10,
        "n_hidden2": 9,
        "dropout": 0.10909602912580865
    },
    "best_validation_loss_denormalized": 0.1634540086036332,
    "timing": {
        "optuna_duration_seconds": 4102.8509430885315,
        "final_train_duration_seconds": 31.715064525604248,
        "optuna_duration_formatted": "68.38 minutes",
        "test_duration_seconds": 0.09395170211791992,
        "test_duration_formatted": "0.0940 seconds"
    },
    "test_metrics": {
        "total_loss_denormalized": 0.10474207424882567,
        "quantile_losses_denormalized": {
            "tau=0.05": 0.05892574900896872,
            "tau=0.10": 0.08148541316850329,
            "tau=0.15": 0.09345792162172764,
            "tau=0.20": 0.1053804215491758,
            "tau=0.25": 0.1102644454812016,
            "tau=0.30": 0.11643865763039453,
            "tau=0.35": 0.11929916572154771,
            "tau=0.40": 0.12149860549408166,
            "tau=0.45": 0.1229288130299754,
            "tau=0.50": 0.125673131353082,
            "tau=0.55": 0.12669618307102526,
            "tau=0.60": 0.1263943968738687,
            "tau=0.65": 0.12170018460626471,
            "tau=0.70": 0.11783995449365281,
            "tau=0.75": 0.11069716554029302,
            "tau=0.80": 0.10380197677429626,
            "tau=0.85": 0.09451134080405019,
            "tau=0.90": 0.0795386837942847,
            "tau=0.95": 0.053567200711293964
        }
    },
    "optimization_info": {
        "n_trials": 100,
        "study_name": "gru_qrnn_hyperparam_opt"
    }
}