{
    "timestamp": "2026-02-09 10:55:16",
    "best_hyperparameters": {
        "n_hidden": 9,
        "penalty": 0.0473509711053932
    },
    "best_validation_loss_denormalized": 1.9336581230163574,
    "timing": {
        "optuna_duration_seconds": 4063.9146406650543,
        "final_train_duration_seconds": 40.687827587127686,
        "optuna_duration_formatted": "67.73 minutes",
        "test_duration_seconds": 0.017828702926635742,
        "test_duration_formatted": "0.0178 seconds"
    },
    "test_metrics": {
        "total_loss_denormalized": 3.76489520072937,
        "quantile_losses_denormalized": {
            "tau=0.05": 1.2494782209396362,
            "tau=0.10": 1.0172233581542969,
            "tau=0.15": 1.3601983785629272,
            "tau=0.20": 2.455956220626831,
            "tau=0.25": 2.693901777267456,
            "tau=0.30": 4.483481407165527,
            "tau=0.35": 4.311193943023682,
            "tau=0.40": 0.9385446310043335,
            "tau=0.45": 2.5591189861297607,
            "tau=0.50": 1.9417058229446411,
            "tau=0.55": 0.9455550312995911,
            "tau=0.60": 1.1495294570922852,
            "tau=0.65": 1.0292588472366333,
            "tau=0.70": 1.757503628730774,
            "tau=0.75": 8.4530029296875,
            "tau=0.80": 18.35956382751465,
            "tau=0.85": 14.569841384887695,
            "tau=0.90": 1.265992522239685,
            "tau=0.95": 0.9919503331184387
        }
    },
    "optimization_info": {
        "n_trials": 100,
        "study_name": "mcqrnn_hyperparameter_optimization"
    }
}