{
    "timestamp": "2026-02-08 10:52:28",
    "best_hyperparameters": {
        "n_hidden": 4,
        "n_hidden2": 9,
        "penalty": 0.023942264123583412
    },
    "best_validation_loss_denormalized": 0.23397356271743774,
    "timing": {
        "optuna_duration_seconds": 2555.0758621692657,
        "final_train_duration_seconds": 26.27555227279663,
        "optuna_duration_formatted": "42.58 minutes",
        "test_duration_seconds": 0.013430118560791016,
        "test_duration_formatted": "0.0134 seconds"
    },
    "test_metrics": {
        "total_loss_denormalized": 0.16153642535209656,
        "quantile_losses_denormalized": {
            "tau=0.05": 0.28857359290122986,
            "tau=0.10": 0.1377619355916977,
            "tau=0.15": 0.0821865126490593,
            "tau=0.20": 0.0921618714928627,
            "tau=0.25": 0.22531461715698242,
            "tau=0.30": 0.2190057933330536,
            "tau=0.35": 0.20090404152870178,
            "tau=0.40": 0.14709948003292084,
            "tau=0.45": 0.1303415447473526,
            "tau=0.50": 0.10909358412027359,
            "tau=0.55": 0.0868842825293541,
            "tau=0.60": 0.1113063246011734,
            "tau=0.65": 0.0980667918920517,
            "tau=0.70": 0.08710943162441254,
            "tau=0.75": 0.07949905842542648,
            "tau=0.80": 0.08554617315530777,
            "tau=0.85": 0.2926153838634491,
            "tau=0.90": 0.4781850576400757,
            "tau=0.95": 0.11753664910793304
        }
    },
    "optimization_info": {
        "n_trials": 100,
        "study_name": "mcqrnn_hyperparameter_optimization"
    }
}